<?xml version="1.0" encoding="UTF-8"?>
<project-private xmlns="http://www.netbeans.org/ns/project-private/1">
    <editor-bookmarks xmlns="http://www.netbeans.org/ns/editor-bookmarks/2" lastBookmarkId="0"/>
    <open-files xmlns="http://www.netbeans.org/ns/projectui-open-files/2">
        <group>
            <file>file:/Users/eslemus/Desktop/Java%20applets/Final%20Project/Final%20Project/OrderingSystem/src/orderingsystem/OrderingSystem.java</file>
            <file>file:/Users/eslemus/Desktop/Java%20applets/Final%20Project/Final%20Project/OrderingSystem/src/orderingsystem/add_to_cart.png</file>
            <file>file:/Users/eslemus/Desktop/Java%20applets/Final%20Project/Final%20Project/OrderingSystem/src/orderingsystem/Billing.java</file>
            <file>file:/Users/eslemus/Desktop/Java%20applets/Final%20Project/Final%20Project/OrderingSystem/src/orderingsystem/items.java</file>
            <file>file:/Users/eslemus/Desktop/Java%20applets/Final%20Project/Final%20Project/OrderingSystem/src/orderingsystem/orderNow.java</file>
            <file>file:/Users/eslemus/Desktop/Java%20applets/Final%20Project/Final%20Project/OrderingSystem/src/orderingsystem/mainMenu.java</file>
        </group>
    </open-files>
</project-private>
